<application>
  <component name="FileTypeManager" version="17">
    <ignoreFiles list="*.hprof;*.idea;*.pyc;*.pyo;*.rbc;*.yarb;*~;.DS_Store;.git;.hg;.mvn;.svn;.vscode;CVS;__pycache__;_svn;vssver.scc;vssver2.scc;" />
    <extensionMap>
      <mapping pattern="src" type="PLAIN_TEXT" />
      <mapping pattern="iconfont.css" type="PLAIN_TEXT" />
      <mapping ext="obj" type="PLAIN_TEXT" />
      <mapping ext="p12" type="PLAIN_TEXT" />
      <mapping pattern="ButtonPage1" type="Vue.js" />
      <mapping pattern="SalesDealersMapper" type="XML" />
      <removed_mapping ext="vue" approved="true" type="HTML" />
    </extensionMap>
  </component>
</application>