<application>
  <component name="ToStringTemplates">
    <option name="defaultTempalteName" value="ToJsonString" />
    <option name="templates">
      <list>
        <TemplateResource>
          <option name="fileName" value="ToJsonString" />
          <option name="template" value="public java.lang.String toString() {&#10;java.lang.StringBuilder builder = new java.lang.StringBuilder();&#10;#set ($i = 0)&#10;#foreach ($member in $members)#if ($i == 0)&#10;builder.append(&quot;{##&#10;#else&#10;builder.append(&quot;\&quot;,##&#10;#end#if ($member.string || $member.date)&#10;\&quot;$member.name\&quot;: \&quot;&quot;);&#10;#else&#10;\&quot;$member.name\&quot;: \&quot;&quot;);&#10;#end#if ($member.primitiveArray || $member.objectArray)&#10;builder.append(java.util.Arrays.toString($member.name));&#10;#elseif ($member.string || $member.date)&#10;builder.append($member.accessor);&#10;#else&#10;builder.append($member.accessor);&#10;#end#set ($i = $i + 1)&#10;#end&#10;builder.append(&quot;\&quot;}&quot;);&#10;return builder.toString();&#10;}" />
        </TemplateResource>
      </list>
    </option>
  </component>
</application>