<application>
  <component name="GitRememberedInputs">
    <option name="visitedUrls">
      <list>
        <UrlAndUserName>
          <option name="url" value="http://gitee.com" />
          <option name="userName" value="zw-plus" />
        </UrlAndUserName>
        <UrlAndUserName>
          <option name="url" value="https://gitee.com/onezor/AccessRecord" />
          <option name="userName" value="" />
        </UrlAndUserName>
        <UrlAndUserName>
          <option name="url" value="https://gitee.com/onezor/BaoliSu.git" />
          <option name="userName" value="" />
        </UrlAndUserName>
      </list>
    </option>
    <option name="cloneParentDir" value="E:\WorkSpace\wzwl" />
  </component>
  <component name="Vcs.Log.App.Settings">
    <option name="COLUMN_ORDER">
      <list>
        <option value="0" />
        <option value="1" />
        <option value="2" />
        <option value="3" />
      </list>
    </option>
  </component>
</application>